{
  "10.0.0.2": {
    "last_bytes": 23555,
    "last_packets": 320,
    "last_check": 1763126882.7625558,
    "bytes_history": [
      71886.74754341284,
      460.565002147368,
      460.6818316790802,
      1349.9169960991635,
      435.6427217790316,
      460.5213605174099,
      461.1996996730801,
      296.50461430825703,
      462.5092747763707,
      462.0514284202687
    ],
    "packets_history": [
      980.0330357797625,
      5.930021486875983,
      5.931525729773565,
      17.998893281322182,
      5.940582569714067,
      5.929459577477381,
      5.9381935580224905,
      3.9533948574434272,
      5.955055040039109,
      5.949160022578567
    ],
    "timestamps": [
      1763126636.9230146,
      1763126667.2770362,
      1763126697.62336,
      1763126700.9568982,
      1763126731.2569568,
      1763126761.613855,
      1763126791.9261036,
      1763126822.2797627,
      1763126852.5061836,
      1763126882.7625558
    ]
  },
  "10.0.0.6": {
    "last_bytes": 11730,
    "last_packets": 165,
    "last_check": 1763126882.7625558,
    "bytes_history": [
      38837.11996519126,
      0.0,
      0.0,
      0.0,
      0.0,
      0.0,
      0.0,
      0.0,
      0.0,
      0.0
    ],
    "packets_history": [
      546.3021989988541,
      0.0,
      0.0,
      0.0,
      0.0,
      0.0,
      0.0,
      0.0,
      0.0,
      0.0
    ],
    "timestamps": [
      1763126636.9230146,
      1763126667.2770362,
      1763126697.62336,
      1763126700.9568982,
      1763126731.2569568,
      1763126761.613855,
      1763126791.9261036,
      1763126822.2797627,
      1763126852.5061836,
      1763126882.7625558
    ]
  },
  "10.0.0.1": {
    "last_bytes": 13060,
    "last_packets": 202,
    "last_check": 1763126882.7625558,
    "bytes_history": [
      43240.646781363845,
      0.0,
      0.0,
      0.0,
      0.0,
      0.0,
      0.0,
      0.0,
      0.0,
      0.0
    ],
    "packets_history": [
      668.8063284713244,
      0.0,
      0.0,
      0.0,
      0.0,
      0.0,
      0.0,
      0.0,
      0.0,
      0.0
    ],
    "timestamps": [
      1763126636.9230146,
      1763126667.2770362,
      1763126697.62336,
      1763126700.9568982,
      1763126731.2569568,
      1763126761.613855,
      1763126791.9261036,
      1763126822.2797627,
      1763126852.5061836,
      1763126882.7625558
    ]
  },
  "10.0.0.3": {
    "last_bytes": 23985,
    "last_packets": 330,
    "last_check": 1763126882.7625558,
    "bytes_history": [
      73817.01531320879,
      460.565002147368,
      460.6818316790802,
      1349.9169960991635,
      297.0291284857034,
      460.5213605174099,
      461.1996996730801,
      296.50461430825703,
      297.7527520019554,
      462.0514284202687
    ],
    "packets_history": [
      1019.7641047978609,
      5.930021486875983,
      5.931525729773565,
      17.998893281322182,
      3.960388379809378,
      5.929459577477381,
      5.9381935580224905,
      3.9533948574434272,
      3.970036693359405,
      5.949160022578567
    ],
    "timestamps": [
      1763126636.9230146,
      1763126667.2770362,
      1763126697.62336,
      1763126700.9568982,
      1763126731.2569568,
      1763126761.613855,
      1763126791.9261036,
      1763126822.2797627,
      1763126852.5061836,
      1763126882.7625558
    ]
  },
  "10.0.0.4": {
    "last_bytes": 11772,
    "last_packets": 166,
    "last_check": 1763126882.7625558,
    "bytes_history": [
      38976.17870675461,
      0.0,
      0.0,
      0.0,
      0.0,
      0.0,
      0.0,
      0.0,
      0.0,
      0.0
    ],
    "packets_history": [
      549.6131214170289,
      0.0,
      0.0,
      0.0,
      0.0,
      0.0,
      0.0,
      0.0,
      0.0,
      0.0
    ],
    "timestamps": [
      1763126636.9230146,
      1763126667.2770362,
      1763126697.62336,
      1763126700.9568982,
      1763126731.2569568,
      1763126761.613855,
      1763126791.9261036,
      1763126822.2797627,
      1763126852.5061836,
      1763126882.7625558
    ]
  },
  "10.0.0.7": {
    "last_bytes": 11912,
    "last_packets": 168,
    "last_check": 1763126882.7625558,
    "bytes_history": [
      39439.70784529909,
      0.0,
      0.0,
      0.0,
      0.0,
      0.0,
      0.0,
      0.0,
      0.0,
      0.0
    ],
    "packets_history": [
      556.2349662533787,
      0.0,
      0.0,
      0.0,
      0.0,
      0.0,
      0.0,
      0.0,
      0.0,
      0.0
    ],
    "timestamps": [
      1763126636.9230146,
      1763126667.2770362,
      1763126697.62336,
      1763126700.9568982,
      1763126731.2569568,
      1763126761.613855,
      1763126791.9261036,
      1763126822.2797627,
      1763126852.5061836,
      1763126882.7625558
    ]
  },
  "10.0.0.8": {
    "last_bytes": 11800,
    "last_packets": 164,
    "last_check": 1763126882.7625558,
    "bytes_history": [
      39068.8845344635,
      0.0,
      0.0,
      0.0,
      0.0,
      0.0,
      0.0,
      0.0,
      0.0,
      0.0
    ],
    "packets_history": [
      542.9912765806791,
      0.0,
      0.0,
      0.0,
      0.0,
      0.0,
      0.0,
      0.0,
      0.0,
      0.0
    ],
    "timestamps": [
      1763126636.9230146,
      1763126667.2770362,
      1763126697.62336,
      1763126700.9568982,
      1763126731.2569568,
      1763126761.613855,
      1763126791.9261036,
      1763126822.2797627,
      1763126852.5061836,
      1763126882.7625558
    ]
  },
  "10.0.0.5": {
    "last_bytes": 11590,
    "last_packets": 163,
    "last_check": 1763126882.7625558,
    "bytes_history": [
      38373.590826646774,
      0.0,
      0.0,
      0.0,
      0.0,
      0.0,
      0.0,
      0.0,
      0.0,
      0.0
    ],
    "packets_history": [
      539.6803541625043,
      0.0,
      0.0,
      0.0,
      0.0,
      0.0,
      0.0,
      0.0,
      0.0,
      0.0
    ],
    "timestamps": [
      1763126636.9230146,
      1763126667.2770362,
      1763126697.62336,
      1763126700.9568982,
      1763126731.2569568,
      1763126761.613855,
      1763126791.9261036,
      1763126822.2797627,
      1763126852.5061836,
      1763126882.7625558
    ]
  },
  "10.0.0.9": {
    "last_bytes": 11492,
    "last_packets": 158,
    "last_check": 1763126882.7625558,
    "bytes_history": [
      38049.12042966564,
      0.0,
      0.0,
      0.0,
      0.0,
      0.0,
      0.0,
      0.0,
      0.0,
      0.0
    ],
    "packets_history": [
      523.1257420716299,
      0.0,
      0.0,
      0.0,
      0.0,
      0.0,
      0.0,
      0.0,
      0.0,
      0.0
    ],
    "timestamps": [
      1763126636.9230146,
      1763126667.2770362,
      1763126697.62336,
      1763126700.9568982,
      1763126731.2569568,
      1763126761.613855,
      1763126791.9261036,
      1763126822.2797627,
      1763126852.5061836,
      1763126882.7625558
    ]
  }
}