{
  "10.0.0.2": {
    "last_bytes": 3428,
    "last_packets": 48,
    "last_check": 1763224968.2800038,
    "bytes_history": [
      0.0,
      0.0,
      0.0,
      0.0,
      0.0,
      0.0,
      0.0,
      0.0,
      0.0,
      0.0
    ],
    "packets_history": [
      0.0,
      0.0,
      0.0,
      0.0,
      0.0,
      0.0,
      0.0,
      0.0,
      0.0,
      0.0
    ],
    "timestamps": [
      1763224696.9248266,
      1763224727.017521,
      1763224757.1776214,
      1763224787.3121629,
      1763224817.44709,
      1763224847.6306536,
      1763224877.7819436,
      1763224907.9421122,
      1763224938.108061,
      1763224968.2800038
    ],
    "current_bytes_per_min": 0.0,
    "current_packets_per_min": 0.0
  },
  "10.0.0.6": {
    "last_bytes": 3586,
    "last_packets": 51,
    "last_check": 1763224968.2800038,
    "bytes_history": [
      0.0,
      0.0,
      0.0,
      0.0,
      0.0,
      0.0,
      0.0,
      0.0,
      0.0,
      139.2021733650572
    ],
    "packets_history": [
      0.0,
      0.0,
      0.0,
      0.0,
      0.0,
      0.0,
      0.0,
      0.0,
      0.0,
      1.9886024766436745
    ],
    "timestamps": [
      1763224696.9248266,
      1763224727.017521,
      1763224757.1776214,
      1763224787.3121629,
      1763224817.44709,
      1763224847.6306536,
      1763224877.7819436,
      1763224907.9421122,
      1763224938.108061,
      1763224968.2800038
    ],
    "current_bytes_per_min": 139.2021733650572,
    "current_packets_per_min": 1.9886024766436745
  },
  "10.0.0.1": {
    "last_bytes": 1319913216178,
    "last_packets": 30135179,
    "last_check": 1763224968.2800038,
    "bytes_history": [
      0.0,
      0.0,
      0.0,
      0.0,
      0.0,
      0.0,
      0.0,
      0.0,
      0.0,
      0.0
    ],
    "packets_history": [
      0.0,
      0.0,
      0.0,
      0.0,
      0.0,
      0.0,
      0.0,
      0.0,
      0.0,
      0.0
    ],
    "timestamps": [
      1763224696.9248266,
      1763224727.017521,
      1763224757.1776214,
      1763224787.3121629,
      1763224817.44709,
      1763224847.6306536,
      1763224877.7819436,
      1763224907.9421122,
      1763224938.108061,
      1763224968.2800038
    ],
    "current_bytes_per_min": 0.0,
    "current_packets_per_min": 0.0
  },
  "10.0.0.3": {
    "last_bytes": 3984,
    "last_packets": 58,
    "last_check": 1763224968.2800038,
    "bytes_history": [
      0.0,
      0.0,
      0.0,
      0.0,
      0.0,
      0.0,
      0.0,
      0.0,
      0.0,
      0.0
    ],
    "packets_history": [
      0.0,
      0.0,
      0.0,
      0.0,
      0.0,
      0.0,
      0.0,
      0.0,
      0.0,
      0.0
    ],
    "timestamps": [
      1763224696.9248266,
      1763224727.017521,
      1763224757.1776214,
      1763224787.3121629,
      1763224817.44709,
      1763224847.6306536,
      1763224877.7819436,
      1763224907.9421122,
      1763224938.108061,
      1763224968.2800038
    ],
    "current_bytes_per_min": 0.0,
    "current_packets_per_min": 0.0
  },
  "10.0.0.4": {
    "last_bytes": 769778036,
    "last_packets": 11663122,
    "last_check": 1763224968.2800038,
    "bytes_history": [
      298.3707439673482,
      299.0759124291618,
      298.40749409706495,
      298.6605917516534,
      298.65677092009423,
      298.1755264783125,
      298.4946918670939,
      298.4068194415288,
      298.3496404983799,
      576.6947182266656
    ],
    "packets_history": [
      3.978276586231309,
      3.987678832388824,
      3.9787665879608665,
      3.9821412233553786,
      3.98209027893459,
      3.9756736863775006,
      3.979929224894586,
      3.978757592553717,
      3.977995206645066,
      7.954409906574698
    ],
    "timestamps": [
      1763224696.9248266,
      1763224727.017521,
      1763224757.1776214,
      1763224787.3121629,
      1763224817.44709,
      1763224847.6306536,
      1763224877.7819436,
      1763224907.9421122,
      1763224938.108061,
      1763224968.2800038
    ],
    "current_bytes_per_min": 576.6947182266656,
    "current_packets_per_min": 7.954409906574698
  },
  "10.0.0.7": {
    "last_bytes": 3568,
    "last_packets": 50,
    "last_check": 1763224968.2800038,
    "bytes_history": [
      0.0,
      0.0,
      0.0,
      0.0,
      0.0,
      0.0,
      0.0,
      0.0,
      0.0,
      0.0
    ],
    "packets_history": [
      0.0,
      0.0,
      0.0,
      0.0,
      0.0,
      0.0,
      0.0,
      0.0,
      0.0,
      0.0
    ],
    "timestamps": [
      1763224696.9248266,
      1763224727.017521,
      1763224757.1776214,
      1763224787.3121629,
      1763224817.44709,
      1763224847.6306536,
      1763224877.7819436,
      1763224907.9421122,
      1763224938.108061,
      1763224968.2800038
    ],
    "current_bytes_per_min": 0.0,
    "current_packets_per_min": 0.0
  },
  "10.0.0.8": {
    "last_bytes": 769778036,
    "last_packets": 11663122,
    "last_check": 1763224968.2800038,
    "bytes_history": [
      298.3707439673482,
      299.0759124291618,
      298.40749409706495,
      298.6605917516534,
      298.65677092009423,
      298.1755264783125,
      298.4946918670939,
      298.4068194415288,
      298.3496404983799,
      576.6947182266656
    ],
    "packets_history": [
      3.978276586231309,
      3.987678832388824,
      3.9787665879608665,
      3.9821412233553786,
      3.98209027893459,
      3.9756736863775006,
      3.979929224894586,
      3.978757592553717,
      3.977995206645066,
      7.954409906574698
    ],
    "timestamps": [
      1763224696.9248266,
      1763224727.017521,
      1763224757.1776214,
      1763224787.3121629,
      1763224817.44709,
      1763224847.6306536,
      1763224877.7819436,
      1763224907.9421122,
      1763224938.108061,
      1763224968.2800038
    ],
    "current_bytes_per_min": 576.6947182266656,
    "current_packets_per_min": 7.954409906574698
  },
  "10.0.0.5": {
    "last_bytes": 3586,
    "last_packets": 51,
    "last_check": 1763224968.2800038,
    "bytes_history": [
      0.0,
      0.0,
      0.0,
      0.0,
      0.0,
      0.0,
      0.0,
      0.0,
      0.0,
      0.0
    ],
    "packets_history": [
      0.0,
      0.0,
      0.0,
      0.0,
      0.0,
      0.0,
      0.0,
      0.0,
      0.0,
      0.0
    ],
    "timestamps": [
      1763224696.9248266,
      1763224727.017521,
      1763224757.1776214,
      1763224787.3121629,
      1763224817.44709,
      1763224847.6306536,
      1763224877.7819436,
      1763224907.9421122,
      1763224938.108061,
      1763224968.2800038
    ],
    "current_bytes_per_min": 0.0,
    "current_packets_per_min": 0.0
  },
  "10.0.0.9": {
    "last_bytes": 769778036,
    "last_packets": 11663122,
    "last_check": 1763224968.2800038,
    "bytes_history": [
      298.3707439673482,
      299.0759124291618,
      298.40749409706495,
      298.6605917516534,
      298.65677092009423,
      298.1755264783125,
      298.4946918670939,
      298.4068194415288,
      298.3496404983799,
      576.6947182266656
    ],
    "packets_history": [
      3.978276586231309,
      3.987678832388824,
      3.9787665879608665,
      3.9821412233553786,
      3.98209027893459,
      3.9756736863775006,
      3.979929224894586,
      3.978757592553717,
      3.977995206645066,
      7.954409906574698
    ],
    "timestamps": [
      1763224696.9248266,
      1763224727.017521,
      1763224757.1776214,
      1763224787.3121629,
      1763224817.44709,
      1763224847.6306536,
      1763224877.7819436,
      1763224907.9421122,
      1763224938.108061,
      1763224968.2800038
    ],
    "current_bytes_per_min": 576.6947182266656,
    "current_packets_per_min": 7.954409906574698
  }
}